seed,trajectory_count,frobenius_error_to_deterministic,trace_distance_to_deterministic
3,1,0.0783010251000463,0.2708552186136383
3,2,0.02260554996580348,0.1556951321857001
3,4,0.020237704178659225,0.14276527486690316
3,8,0.006297195700974498,0.07517949218390722
3,16,0.004512063484289714,0.05607237807192918
3,32,0.0019238862711804007,0.043331493930958115
3,64,0.0011774362309029422,0.03622088740366064
3,128,0.0008957815858467119,0.028656688720830728
3,256,0.0005390116199771694,0.021717815174634093
5,1,0.13303636382515144,0.34556667188432494
5,2,0.06035359352604115,0.23356921036366887
5,4,0.055644594936034644,0.19998372198868677
5,8,0.05555034798802403,0.19058068533003397
5,16,0.012614647515966092,0.09146434247371558
5,32,0.005350399700227599,0.06402405078526686
5,64,0.0014612192169811895,0.03197423367950901
5,128,0.0019953796229092292,0.03812570520551542
5,256,0.0010073159868231832,0.028845769368418116
7,1,0.2612403559812617,0.4181797558641317
7,2,0.19843370098792018,0.3716037893939048
7,4,0.016428445890994996,0.1174569861827405
7,8,0.0189417701730778,0.11842916467295042
7,16,0.010454106457343931,0.09210222180069547
7,32,0.003046219121701893,0.05152299221646872
7,64,0.0011901042176303653,0.03488575986834436
7,128,0.00038012390285295695,0.017402166608681893
7,256,0.0003034434953956217,0.01657882949843316
11,1,0.15789340113416078,0.35690520467650816
11,2,0.1115543679204191,0.29657886644495157
11,4,0.016285328225327692,0.11396190063404482
11,8,0.0060841457389497105,0.06730358326328906
11,16,0.007335690758817186,0.07630584600736838
11,32,0.005485136783556537,0.06770453258357469
11,64,0.002626901524817909,0.04577814055515724
11,128,0.0013687968397205865,0.034874127314011856
11,256,0.0008004268251633755,0.0289901159091757
13,1,0.03399649783220257,0.1751835181572569
13,2,0.03399649783220257,0.1751835181572569
13,4,0.028635354154763655,0.1732207642242925
13,8,0.003833934525332167,0.061379721185435866
13,16,0.011463561229531074,0.09578693697371116
13,32,0.002517821264268646,0.044044609218506316
13,64,0.0012265210813580522,0.03566710164576909
13,128,0.0010947769343242313,0.028218953647088693
13,256,0.0008546536590702965,0.027154831651728255
