split,seed,starting_state,supervision,epochs,hybrid_lambda,frobenius_error,trace_distance,infidelity,q_js_divergence,q_correlation,target_mode_count,generated_mode_count,all_target_modes_recovered,rank45_squared_error,run
diagnostic,3,forward,final,100,0.0,0.0007990523307439797,0.027589129481485515,0.0015522736162257855,3.5528250682668365e-05,0.999945151383206,2,2,True,0.0007282572978041092,evidence/raw/diagnostic_study/runs/forward_final_e100_fidelity_l0.0/seed_3
diagnostic,5,forward,final,100,0.0,0.0005039638973127091,0.021065628996479492,0.000891761263836055,6.244377081902045e-05,0.9999283441861417,2,2,True,0.00031806594012537926,evidence/raw/diagnostic_study/runs/forward_final_e100_fidelity_l0.0/seed_5
diagnostic,7,forward,final,100,0.0,0.00010645585559456557,0.010594586634958351,0.00041604930452321387,1.2995620102919995e-05,0.9999897572095938,2,2,True,9.406094399756962e-05,evidence/raw/diagnostic_study/runs/forward_final_e100_fidelity_l0.0/seed_7
diagnostic,11,forward,final,100,0.0,0.00021318913904133356,0.015066739074400386,0.0007968203986719047,1.3610943289762686e-05,0.9999837375469681,2,2,True,0.00019967282767584666,evidence/raw/diagnostic_study/runs/forward_final_e100_fidelity_l0.0/seed_11
diagnostic,13,forward,final,100,0.0,0.00023617240410534325,0.013846997478770776,0.0005167810731039335,2.124275852139864e-05,0.999968936950399,2,2,True,0.00019579942471742673,evidence/raw/diagnostic_study/runs/forward_final_e100_fidelity_l0.0/seed_13
diagnostic,3,forward,path,100,0.0,0.018862898916127316,0.1432932631936241,0.0478292518290967,0.006621277928072999,0.9963269595273361,2,2,False,0.0046832802943830715,evidence/raw/diagnostic_study/runs/forward_path_e100_fidelity_l0.0/seed_3
diagnostic,5,forward,path,100,0.0,0.007650526998973949,0.09344651208260818,0.021192117716535175,0.0028277379928604413,0.9979270671675774,2,2,True,0.001119725659886096,evidence/raw/diagnostic_study/runs/forward_path_e100_fidelity_l0.0/seed_5
diagnostic,7,forward,path,100,0.0,0.016346156163330443,0.13268232892955042,0.042515011254581014,0.005807758175548276,0.9961722009918839,2,1,False,0.003948075532857637,evidence/raw/diagnostic_study/runs/forward_path_e100_fidelity_l0.0/seed_7
diagnostic,11,forward,path,100,0.0,0.01920119201403834,0.14459056766933434,0.04872692883441354,0.006757170259982038,0.9963109687175105,2,1,False,0.00468238343037125,evidence/raw/diagnostic_study/runs/forward_path_e100_fidelity_l0.0/seed_11
diagnostic,13,forward,path,100,0.0,0.02146325253873834,0.15278455564455018,0.05080856878125173,0.006650470648348441,0.9953971963531942,2,1,False,0.005519480938153061,evidence/raw/diagnostic_study/runs/forward_path_e100_fidelity_l0.0/seed_13
diagnostic,3,mixed,final,100,0.0,0.0006544762988486393,0.02552391656193779,0.0013637241032948832,4.113081922688967e-05,0.9999284613405222,2,2,True,0.0005627707460773489,evidence/raw/diagnostic_study/runs/mixed_final_e100_fidelity_l0.0/seed_3
diagnostic,5,mixed,final,100,0.0,0.0002546422987956561,0.015433936771806737,0.0005686486662949131,1.5081472365044974e-05,0.9999629716043247,2,2,True,0.00021520980190880897,evidence/raw/diagnostic_study/runs/mixed_final_e100_fidelity_l0.0/seed_5
diagnostic,7,mixed,final,100,0.0,0.00011120055236510474,0.010451737935338778,0.000556969211430669,1.6969224078431543e-05,0.9999791322435644,2,2,True,8.5539213811377e-05,evidence/raw/diagnostic_study/runs/mixed_final_e100_fidelity_l0.0/seed_7
diagnostic,11,mixed,final,100,0.0,0.0001682455304151665,0.012053872913063547,0.0004204190014736042,1.1085664959116768e-05,0.99998803296145,2,2,True,0.00015150532811418358,evidence/raw/diagnostic_study/runs/mixed_final_e100_fidelity_l0.0/seed_11
diagnostic,13,mixed,final,100,0.0,0.00026541105485048246,0.01702895647678517,0.0006759310514656836,2.8373977202147283e-05,0.9999567147883006,2,2,True,0.00020761144661944403,evidence/raw/diagnostic_study/runs/mixed_final_e100_fidelity_l0.0/seed_13
diagnostic,3,mixed,path,100,0.0,0.01925142097728952,0.14507286318532547,0.048613318051973775,0.006694525067014032,0.9960463251604045,2,1,False,0.004710352176689071,evidence/raw/diagnostic_study/runs/mixed_path_e100_fidelity_l0.0/seed_3
diagnostic,5,mixed,path,100,0.0,0.006850829896468865,0.08800689396835085,0.019028146181667815,0.0027148562583381415,0.9981863005776005,2,2,True,0.0009091141282706028,evidence/raw/diagnostic_study/runs/mixed_path_e100_fidelity_l0.0/seed_5
diagnostic,7,mixed,path,100,0.0,0.01694516824329263,0.13525646595705793,0.04350325620930562,0.005936547667554522,0.996184819395822,2,1,False,0.004161483056842672,evidence/raw/diagnostic_study/runs/mixed_path_e100_fidelity_l0.0/seed_7
diagnostic,11,mixed,path,100,0.0,0.019131724722612178,0.14440456240152538,0.04835606361160816,0.006625502102042491,0.9964506731319425,2,1,False,0.004890631859227574,evidence/raw/diagnostic_study/runs/mixed_path_e100_fidelity_l0.0/seed_11
diagnostic,13,mixed,path,100,0.0,0.020996230530153717,0.15138768466292524,0.050918364106002256,0.00683739623120555,0.9956242721945439,2,1,False,0.005177481203504879,evidence/raw/diagnostic_study/runs/mixed_path_e100_fidelity_l0.0/seed_13
diagnostic,3,forward,final,500,0.0,2.6922006055453757e-05,0.0048273400666675285,4.657168730881622e-05,1.3435370750633429e-06,0.9999988331396467,2,2,True,2.5485159153277136e-05,evidence/raw/diagnostic_study/runs/forward_final_e500_fidelity_l0.0/seed_3
diagnostic,5,forward,final,500,0.0,9.497433511123518e-06,0.0031388317805788875,1.7145702346232916e-05,5.50635764939039e-07,0.9999994774226902,2,2,True,8.848674131456062e-06,evidence/raw/diagnostic_study/runs/forward_final_e500_fidelity_l0.0/seed_5
diagnostic,7,forward,final,500,0.0,1.2679840786798557e-05,0.003195999705511868,2.659519916825559e-05,8.442982337264014e-07,0.999999662457407,2,2,True,1.247064427630286e-05,evidence/raw/diagnostic_study/runs/forward_final_e500_fidelity_l0.0/seed_7
diagnostic,11,forward,final,500,0.0,8.708217141679846e-06,0.0027808915905608114,2.5435504791282426e-05,4.2840971143316685e-07,0.9999997752666416,2,2,True,8.629143908995441e-06,evidence/raw/diagnostic_study/runs/forward_final_e500_fidelity_l0.0/seed_11
diagnostic,13,forward,final,500,0.0,3.475138566892179e-06,0.0016677302090688426,1.9457228497610224e-05,6.61253428140438e-07,0.9999997802200729,2,2,True,3.2138466028760446e-06,evidence/raw/diagnostic_study/runs/forward_final_e500_fidelity_l0.0/seed_13
diagnostic,3,forward,path,500,0.0,0.007013759992279568,0.07462132398592222,0.012344850063805035,0.0014051765340316793,0.9982335314017079,2,2,True,0.0022062335939918958,evidence/raw/diagnostic_study/runs/forward_path_e500_fidelity_l0.0/seed_3
diagnostic,5,forward,path,500,0.0,0.004150700729115039,0.06537816809433562,0.01058785818491692,0.0013350866537350588,0.9988797729593666,2,2,True,0.0007677601314143537,evidence/raw/diagnostic_study/runs/forward_path_e500_fidelity_l0.0/seed_5
diagnostic,7,forward,path,500,0.0,0.0041400736980690515,0.06472464969949045,0.011605883025239239,0.0014836568104874956,0.9988749996367472,2,2,True,0.000674011225009423,evidence/raw/diagnostic_study/runs/forward_path_e500_fidelity_l0.0/seed_7
diagnostic,11,forward,path,500,0.0,0.0039078625126267455,0.05966649911352271,0.010695100822889714,0.0014446507303806598,0.9989148740776757,2,2,True,0.0005489777497772486,evidence/raw/diagnostic_study/runs/forward_path_e500_fidelity_l0.0/seed_11
diagnostic,13,forward,path,500,0.0,0.0038798459762488455,0.0605006060724564,0.010873730138065363,0.0014324779040041182,0.9989532552755956,2,2,True,0.0006545310913414076,evidence/raw/diagnostic_study/runs/forward_path_e500_fidelity_l0.0/seed_13
diagnostic,3,mixed,final,500,0.0,1.7829085946914145e-05,0.004144733648557705,6.995372349616336e-05,1.3090850636713757e-06,0.9999990282450124,2,2,True,1.6944424207710936e-05,evidence/raw/diagnostic_study/runs/mixed_final_e500_fidelity_l0.0/seed_3
diagnostic,5,mixed,final,500,0.0,7.524146405936881e-06,0.0026487700333206682,1.6243437756524592e-05,7.061779965282996e-07,0.9999995759158865,2,2,True,7.09552137009338e-06,evidence/raw/diagnostic_study/runs/mixed_final_e500_fidelity_l0.0/seed_5
diagnostic,7,mixed,final,500,0.0,9.166686569987525e-06,0.002680241735434941,2.2666958563899442e-05,8.886968868794713e-07,0.9999996602621689,2,2,True,8.90241463190269e-06,evidence/raw/diagnostic_study/runs/mixed_final_e500_fidelity_l0.0/seed_7
diagnostic,11,mixed,final,500,0.0,7.83009029912442e-06,0.002818938347973387,1.824253949100907e-05,5.704292765503826e-07,0.999999740373523,2,2,True,7.742859772008238e-06,evidence/raw/diagnostic_study/runs/mixed_final_e500_fidelity_l0.0/seed_11
diagnostic,13,mixed,final,500,0.0,1.1197157173777102e-05,0.0029773125038084266,2.178449239187419e-05,3.639498605878772e-07,0.999999743948237,2,2,True,1.1092860383876007e-05,evidence/raw/diagnostic_study/runs/mixed_final_e500_fidelity_l0.0/seed_13
diagnostic,3,mixed,path,500,0.0,0.004061245608945081,0.06066345324858779,0.010976731932783812,0.001428435440407625,0.9988790833846652,2,2,True,0.0006438653388445744,evidence/raw/diagnostic_study/runs/mixed_path_e500_fidelity_l0.0/seed_3
diagnostic,5,mixed,path,500,0.0,0.005514143487454552,0.0735952794195521,0.01279482598412185,0.0016558559608807507,0.9985941290287518,2,2,True,0.000982091281015304,evidence/raw/diagnostic_study/runs/mixed_path_e500_fidelity_l0.0/seed_5
diagnostic,7,mixed,path,500,0.0,0.004851094062250172,0.06396130384454725,0.011181054247563105,0.0014236091082246165,0.9984810102406573,2,2,True,0.0009635311518828096,evidence/raw/diagnostic_study/runs/mixed_path_e500_fidelity_l0.0/seed_7
diagnostic,11,mixed,path,500,0.0,0.006253279438798316,0.07415342877438512,0.013415875859889792,0.0016355316160123852,0.9977802181070707,2,2,True,0.0014197681850369643,evidence/raw/diagnostic_study/runs/mixed_path_e500_fidelity_l0.0/seed_11
diagnostic,13,mixed,path,500,0.0,0.006336923235070666,0.07269825817125929,0.012600441469637458,0.0015830968690097678,0.9977857641593602,2,2,True,0.0013277173063401331,evidence/raw/diagnostic_study/runs/mixed_path_e500_fidelity_l0.0/seed_13
validation,17,mixed,final,500,0.0,1.2700199478263005e-05,0.0032791483048452163,2.066609768358596e-05,9.788774871035028e-07,0.9999995768963079,2,2,True,1.2480834138616753e-05,evidence/raw/hybrid_study/validation/runs/mixed_final_e500_hybrid_l0.0/seed_17
validation,19,mixed,final,500,0.0,3.0044309627093332e-05,0.004937720491495406,5.164840676008531e-05,1.1853724116805762e-06,0.9999991909202298,2,2,True,2.954455582771396e-05,evidence/raw/hybrid_study/validation/runs/mixed_final_e500_hybrid_l0.0/seed_19
validation,23,mixed,final,500,0.0,1.9220104811971174e-05,0.004194057547551359,6.008305488669485e-05,1.4962896206844867e-06,0.9999990484836853,2,2,True,1.8088199725024304e-05,evidence/raw/hybrid_study/validation/runs/mixed_final_e500_hybrid_l0.0/seed_23
validation,29,mixed,final,500,0.0,1.422585032302865e-05,0.003333537461633264,2.4641067365438474e-05,6.466763615164682e-07,0.9999993159922733,2,2,True,1.3525692830599534e-05,evidence/raw/hybrid_study/validation/runs/mixed_final_e500_hybrid_l0.0/seed_29
validation,31,mixed,final,500,0.0,3.277455533072656e-06,0.0016428452468505127,7.0253657600272135e-06,3.669090409771881e-07,0.9999999121815248,2,2,True,3.1875703227434166e-06,evidence/raw/hybrid_study/validation/runs/mixed_final_e500_hybrid_l0.0/seed_31
validation,17,mixed,final,500,0.25,8.877974238246627e-06,0.0026067626446243967,1.6968213468082638e-05,9.015683196307018e-07,0.9999996160335745,2,2,True,8.58716055156479e-06,evidence/raw/hybrid_study/validation/runs/mixed_final_e500_hybrid_l0.25/seed_17
validation,19,mixed,final,500,0.25,2.549521417737735e-05,0.00468753563305205,5.4897551170274284e-05,1.6111231392028683e-06,0.9999992046047058,2,2,True,2.500898996980859e-05,evidence/raw/hybrid_study/validation/runs/mixed_final_e500_hybrid_l0.25/seed_19
validation,23,mixed,final,500,0.25,1.538323895329483e-05,0.003828151502915564,6.679591755121006e-05,1.7469479924814067e-06,0.9999988868599096,2,2,True,1.3619925950818486e-05,evidence/raw/hybrid_study/validation/runs/mixed_final_e500_hybrid_l0.25/seed_23
validation,29,mixed,final,500,0.25,1.3429651033449433e-05,0.0033557824162433075,3.373211983970226e-05,8.11096924948006e-07,0.9999992536614835,2,2,True,1.239604101474394e-05,evidence/raw/hybrid_study/validation/runs/mixed_final_e500_hybrid_l0.25/seed_29
validation,31,mixed,final,500,0.25,2.2841843032484297e-06,0.0014124000321718115,6.137961863661445e-06,3.219735443822483e-07,0.9999999230453095,2,2,True,2.2019112832749795e-06,evidence/raw/hybrid_study/validation/runs/mixed_final_e500_hybrid_l0.25/seed_31
validation,17,mixed,final,500,0.5,6.896662420632522e-06,0.0024272201735418527,3.724869991861279e-05,1.0723907952633102e-06,0.9999995748284094,2,2,True,6.511521465295718e-06,evidence/raw/hybrid_study/validation/runs/mixed_final_e500_hybrid_l0.5/seed_17
validation,19,mixed,final,500,0.5,8.43284006626641e-06,0.0028159585496873897,4.530275654535121e-05,1.248844470451557e-06,0.9999995134965851,2,2,True,7.972241778029554e-06,evidence/raw/hybrid_study/validation/runs/mixed_final_e500_hybrid_l0.5/seed_19
validation,23,mixed,final,500,0.5,3.5682935402280645e-06,0.001880983888697848,1.6616370946520576e-05,4.1443713326360663e-07,0.999999752971522,2,2,True,3.399664624937232e-06,evidence/raw/hybrid_study/validation/runs/mixed_final_e500_hybrid_l0.5/seed_23
validation,29,mixed,final,500,0.5,5.630225428426117e-06,0.002541660987860589,3.56796713196772e-05,8.255291528677381e-07,0.9999994582935451,2,2,True,4.984412315702758e-06,evidence/raw/hybrid_study/validation/runs/mixed_final_e500_hybrid_l0.5/seed_29
validation,31,mixed,final,500,0.5,1.8725569651160837e-06,0.0013312798342268685,6.777685150782808e-06,3.2828723925564945e-07,0.9999999035410269,2,2,True,1.753722899107443e-06,evidence/raw/hybrid_study/validation/runs/mixed_final_e500_hybrid_l0.5/seed_31
validation,17,mixed,final,500,0.75,3.1481595709548372e-06,0.001824283990297214,3.552473544232715e-05,8.364548606433223e-07,0.9999992314884956,2,2,True,2.0695839443021793e-06,evidence/raw/hybrid_study/validation/runs/mixed_final_e500_hybrid_l0.75/seed_17
validation,19,mixed,final,500,0.75,4.485015533399552e-06,0.0020900109028821447,5.627804425012428e-05,1.1846403252467641e-06,0.9999995551396034,2,2,True,4.037785762079696e-06,evidence/raw/hybrid_study/validation/runs/mixed_final_e500_hybrid_l0.75/seed_19
validation,23,mixed,final,500,0.75,1.95206758074611e-06,0.0015236302604557494,2.978898273919839e-05,7.42663059565e-07,0.9999996553830028,2,2,True,1.527636856170098e-06,evidence/raw/hybrid_study/validation/runs/mixed_final_e500_hybrid_l0.75/seed_23
validation,29,mixed,final,500,0.75,4.074276848405168e-06,0.00201068311346455,3.5908285413110974e-05,1.0079758387171152e-06,0.9999996184592775,2,2,True,3.7448805215494918e-06,evidence/raw/hybrid_study/validation/runs/mixed_final_e500_hybrid_l0.75/seed_29
validation,31,mixed,final,500,0.75,1.7449714489669868e-06,0.0012869211111227927,8.91770966338079e-06,4.1188364950599e-07,0.9999998643234954,2,2,True,1.5783684020989126e-06,evidence/raw/hybrid_study/validation/runs/mixed_final_e500_hybrid_l0.75/seed_31
test,41,mixed,final,500,0.0,2.353060476220965e-06,0.0015184123606797224,1.415940729687648e-05,1.596863230153095e-07,0.9999999366016311,2,2,True,2.3040848916378997e-06,evidence/raw/hybrid_study/test/runs/mixed_final_e500_hybrid_l0.0/seed_41
test,43,mixed,final,500,0.0,2.7442558155889247e-05,0.0051274109316374866,5.505081253054378e-05,2.0432642956076514e-06,0.9999984184368834,2,2,True,2.610445330881548e-05,evidence/raw/hybrid_study/test/runs/mixed_final_e500_hybrid_l0.0/seed_43
test,47,mixed,final,500,0.0,2.103352638751783e-05,0.0043411707718148,4.234464833774432e-05,1.5526654504341713e-06,0.9999991536880175,2,2,True,1.96281153619024e-05,evidence/raw/hybrid_study/test/runs/mixed_final_e500_hybrid_l0.0/seed_47
test,53,mixed,final,500,0.0,9.839192255664512e-06,0.0032251931206424417,3.5736430889610205e-05,8.560428491657125e-07,0.999999411115825,2,2,True,9.285239273262714e-06,evidence/raw/hybrid_study/test/runs/mixed_final_e500_hybrid_l0.0/seed_53
test,59,mixed,final,500,0.0,1.4157372374170707e-05,0.0038484626405145125,2.883988732615972e-05,4.990141427237465e-07,0.9999996135859485,2,2,True,1.4039175746572772e-05,evidence/raw/hybrid_study/test/runs/mixed_final_e500_hybrid_l0.0/seed_59
test,41,mixed,final,500,0.75,2.7586012789077e-06,0.0016355543046119739,3.3719611476246136e-05,1.31951790190023e-06,0.999999480315266,2,2,True,1.8258987802214817e-06,evidence/raw/hybrid_study/test/runs/mixed_final_e500_hybrid_l0.75/seed_41
test,43,mixed,final,500,0.75,7.678153608147523e-06,0.002851437858483073,4.990703469498481e-05,1.552478396475588e-06,0.9999988089608948,2,2,True,6.393211595456908e-06,evidence/raw/hybrid_study/test/runs/mixed_final_e500_hybrid_l0.75/seed_43
test,47,mixed,final,500,0.75,2.41116440753051e-06,0.0015357203847412631,1.909593794180431e-05,6.307547317033297e-07,0.9999997867109232,2,2,True,2.1397028309886026e-06,evidence/raw/hybrid_study/test/runs/mixed_final_e500_hybrid_l0.75/seed_47
test,53,mixed,final,500,0.75,1.509895136789783e-06,0.0011055247926147922,1.586922995622242e-05,7.277639774258745e-07,0.9999998528330324,2,2,True,1.3166619034931868e-06,evidence/raw/hybrid_study/test/runs/mixed_final_e500_hybrid_l0.75/seed_53
test,59,mixed,final,500,0.75,3.139698694797979e-06,0.0017047894128887874,2.9584529056325692e-05,1.2540029234027342e-06,0.9999996077507799,2,2,True,2.3760750018623188e-06,evidence/raw/hybrid_study/test/runs/mixed_final_e500_hybrid_l0.75/seed_59
